"","Metric","Prior","beta0","beta1","beta2","beta3"
"1","MAPE","Normal",15.0318958955779,9.69584755064533,30.0637917911558,38.7833902025813
"2","RMSE","Normal",0.101155602772703,0.100125197469701,0.303466808318108,0.650813783553054
