"","Prior","beta0","beta1","beta2","beta3"
"1","Normal",0.0873732911111049,0.0856446482292709,0.262119873333315,0.556690213490261
"2","Logistic",0.0885066090539007,0.0937531123914644,0.265519827161702,0.609395230544519
"3","Uniform",0.0510526638243218,0.0383174632676672,0.153157991472965,0.249063511239837
"4","Student",0.0773325116882741,0.0834980086194752,0.231997535064822,0.542737056026589
